{
    "best-auroc-threshold-tpr": 0.8605,
    "best-auroc-threshold-fpr": 0.05838683788121991,
    "best-auroc-threshold-precision": 0.8553498198086243,
    "best-auroc-threshold-recall": 0.860375,
    "best-auroc-threshold-F1": 0.8578550507883094,
    "best-auroc-threshold-FP": 402,
    "best-auroc-threshold-TP": 2,
    "best-auroc-threshold-SF1": 0.009852216748768473,
    "best-auroc-threshold-TAF1": 0.4158206339306822,
    "best-auroc-threshold-NAB": -0.9801980198019802,
    "best-auroc-threshold-per-attack": {
        "cons_p2s_s1": {
            "detect_start": 28,
            "recall": 0.8095
        },
        "cons_p2s_s2": {
            "detect_start": 215,
            "recall": 0.91125
        }
    },
    "fpr1-threshold-tpr": 0.802375,
    "fpr1-threshold-fpr": 0.010032102728731942,
    "fpr1-threshold-precision": 0.970077074202811,
    "fpr1-threshold-recall": 0.802375,
    "fpr1-threshold-F1": 0.8782923992611342,
    "fpr1-threshold-FP": 128,
    "fpr1-threshold-TP": 2,
    "fpr1-threshold-SF1": 0.030303030303030307,
    "fpr1-threshold-TAF1": 0.5662675055814897,
    "fpr1-threshold-NAB": -0.9384615384615385,
    "fpr1-threshold-per-attack": {
        "cons_p2s_s1": {
            "detect_start": 710,
            "recall": 0.7355
        },
        "cons_p2s_s2": {
            "detect_start": 363,
            "recall": 0.86925
        }
    },
    "fpr5-threshold-tpr": 0.8495,
    "fpr5-threshold-fpr": 0.05016051364365971,
    "fpr5-threshold-precision": 0.871952784192969,
    "fpr5-threshold-recall": 0.8495,
    "fpr5-threshold-F1": 0.860579967076105,
    "fpr5-threshold-FP": 352,
    "fpr5-threshold-TP": 2,
    "fpr5-threshold-SF1": 0.011235955056179775,
    "fpr5-threshold-TAF1": 0.4282993994433865,
    "fpr5-threshold-NAB": -0.9774011299435028,
    "fpr5-threshold-per-attack": {
        "cons_p2s_s1": {
            "detect_start": 230,
            "recall": 0.79475
        },
        "cons_p2s_s2": {
            "detect_start": 215,
            "recall": 0.90425
        }
    },
    "mse-val995-threshold-precision": 0,
    "mse-val995-threshold-recall": 0.0,
    "mse-val995-threshold-F1": 0,
    "mse-val995-threshold-FP": -1,
    "mse-val995-threshold-TP": 0,
    "mse-val995-threshold-SF1": 0,
    "mse-val995-threshold-TAF1": 0.0,
    "mse-val995-threshold-NAB": -1.0,
    "mse-val995-threshold-per-attack": {
        "cons_p2s_s1": {
            "detect_start": -1,
            "recall": 0.0
        },
        "cons_p2s_s2": {
            "detect_start": -1,
            "recall": 0.0
        }
    },
    "mse-val1-threshold-precision": 0,
    "mse-val1-threshold-recall": 0.0,
    "mse-val1-threshold-F1": 0,
    "mse-val1-threshold-FP": -1,
    "mse-val1-threshold-TP": 0,
    "mse-val1-threshold-SF1": 0,
    "mse-val1-threshold-TAF1": 0.0,
    "mse-val1-threshold-NAB": -1.0,
    "mse-val1-threshold-per-attack": {
        "cons_p2s_s1": {
            "detect_start": -1,
            "recall": 0.0
        },
        "cons_p2s_s2": {
            "detect_start": -1,
            "recall": 0.0
        }
    },
    "cusum-total-threshold-precision": 0,
    "cusum-total-threshold-recall": 0.0,
    "cusum-total-threshold-F1": 0,
    "cusum-total-threshold-FP": -1,
    "cusum-total-threshold-TP": 0,
    "cusum-total-threshold-SF1": 0,
    "cusum-total-threshold-TAF1": 0.0,
    "cusum-total-threshold-NAB": -1.0,
    "cusum-total-threshold-per-attack": {
        "cons_p2s_s1": {
            "detect_start": -1,
            "recall": 0.0
        },
        "cons_p2s_s2": {
            "detect_start": -1,
            "recall": 0.0
        }
    },
    "cusum-pf-threshold-precision": 0.9400056866647711,
    "cusum-pf-threshold-recall": 0.8265,
    "cusum-pf-threshold-F1": 0.8796062258879872,
    "cusum-pf-threshold-FP": 4,
    "cusum-pf-threshold-TP": 2,
    "cusum-pf-threshold-SF1": 0.5,
    "cusum-pf-threshold-TAF1": 0.48839852892009356,
    "cusum-pf-threshold-NAB": 0.3333333333333333,
    "cusum-pf-threshold-per-attack": {
        "cons_p2s_s1": {
            "detect_start": 1380,
            "recall": 0.655
        },
        "cons_p2s_s2": {
            "detect_start": 8,
            "recall": 0.998
        }
    },
    "mse-pf-val995-threshold-precision": 0.8990976210008204,
    "mse-pf-val995-threshold-recall": 0.822,
    "mse-pf-val995-threshold-F1": 0.8588219929476296,
    "mse-pf-val995-threshold-FP": 301,
    "mse-pf-val995-threshold-TP": 2,
    "mse-pf-val995-threshold-SF1": 0.013114754098360654,
    "mse-pf-val995-threshold-TAF1": 0.14107701002156273,
    "mse-pf-val995-threshold-NAB": -0.9736842105263158,
    "mse-pf-val995-threshold-per-attack": {
        "cons_p2s_s1": {
            "detect_start": 55,
            "recall": 0.70225
        },
        "cons_p2s_s2": {
            "detect_start": 55,
            "recall": 0.94175
        }
    },
    "mse-pf-val1-threshold-precision": 0.9420961204400695,
    "mse-pf-val1-threshold-recall": 0.8135,
    "mse-pf-val1-threshold-F1": 0.8730882747518112,
    "mse-pf-val1-threshold-FP": 2,
    "mse-pf-val1-threshold-TP": 2,
    "mse-pf-val1-threshold-SF1": 0.6666666666666666,
    "mse-pf-val1-threshold-TAF1": 0.7683831320194955,
    "mse-pf-val1-threshold-NAB": 1.0,
    "mse-pf-val1-threshold-per-attack": {
        "cons_p2s_s1": {
            "detect_start": 424,
            "recall": 0.687
        },
        "cons_p2s_s2": {
            "detect_start": 240,
            "recall": 0.94
        }
    },
    "mse-roc-auc": 0.9652619382022471,
    "cusum-roc-auc": 0.5525,
    "first-timing-avgrank": 2.5,
    "ideal-timing-avgrank": 3.0,
    "first-timing-subrank": 3.0,
    "ideal-timing-subrank": 2.0,
    "first-timing-plcrank": 1.5,
    "ideal-timing-plcrank": 2.0
}